-- --------------------------------------------------------
-- Host:                         127.0.0.1
-- Server version:               8.0.25 - MySQL Community Server - GPL
-- Server OS:                    Win64
-- HeidiSQL Version:             12.5.0.6677
-- --------------------------------------------------------

/*!40101 SET @OLD_CHARACTER_SET_CLIENT=@@CHARACTER_SET_CLIENT */;
/*!40101 SET NAMES utf8 */;
/*!50503 SET NAMES utf8mb4 */;
/*!40103 SET @OLD_TIME_ZONE=@@TIME_ZONE */;
/*!40103 SET TIME_ZONE='+00:00' */;
/*!40014 SET @OLD_FOREIGN_KEY_CHECKS=@@FOREIGN_KEY_CHECKS, FOREIGN_KEY_CHECKS=0 */;
/*!40101 SET @OLD_SQL_MODE=@@SQL_MODE, SQL_MODE='NO_AUTO_VALUE_ON_ZERO' */;
/*!40111 SET @OLD_SQL_NOTES=@@SQL_NOTES, SQL_NOTES=0 */;


-- Dumping database structure for blueskiesairline
DROP DATABASE IF EXISTS `blueskiesairline`;
CREATE DATABASE IF NOT EXISTS `blueskiesairline` /*!40100 DEFAULT CHARACTER SET utf8mb4 COLLATE utf8mb4_0900_ai_ci */ /*!80016 DEFAULT ENCRYPTION='N' */;
USE `blueskiesairline`;

-- Dumping structure for table blueskiesairline.cities
DROP TABLE IF EXISTS `cities`;
CREATE TABLE IF NOT EXISTS `cities` (
  `id` int NOT NULL AUTO_INCREMENT,
  `name` varchar(255) DEFAULT NULL,
  PRIMARY KEY (`id`)
) ENGINE=InnoDB AUTO_INCREMENT=10 DEFAULT CHARSET=utf8mb4 COLLATE=utf8mb4_0900_ai_ci;

-- Dumping data for table blueskiesairline.cities: ~5 rows (approximately)
REPLACE INTO `cities` (`id`, `name`) VALUES
	(1, 'Johannesburg'),
	(2, 'Cape Town'),
	(3, 'Bloemfontein'),
	(4, 'Port Elizabeth'),
	(5, 'Durban');

-- Dumping structure for table blueskiesairline.customers
DROP TABLE IF EXISTS `customers`;
CREATE TABLE IF NOT EXISTS `customers` (
  `id` int NOT NULL AUTO_INCREMENT,
  `name` varchar(255) DEFAULT NULL,
  `address` varchar(255) DEFAULT NULL,
  `credit_card_number` varchar(16) DEFAULT NULL,
  PRIMARY KEY (`id`)
) ENGINE=InnoDB AUTO_INCREMENT=261 DEFAULT CHARSET=utf8mb4 COLLATE=utf8mb4_0900_ai_ci;

-- Dumping data for table blueskiesairline.customers: ~3 rows (approximately)
REPLACE INTO `customers` (`id`, `name`, `address`, `credit_card_number`) VALUES
	(258, 'Tebogo', 'tebogomrvn8@gmail.com', '0001234567890'),
	(259, 'Tebogo', 'tebogomrvn88@gmail.com', '0001234567890888'),
	(260, 'Tebogo', 'tebogomarvin8@gail.com', '0000000000000000');

-- Dumping structure for table blueskiesairline.flights
DROP TABLE IF EXISTS `flights`;
CREATE TABLE IF NOT EXISTS `flights` (
  `id` int NOT NULL AUTO_INCREMENT,
  `departure_city_id` int DEFAULT NULL,
  `destination_city_id` int DEFAULT NULL,
  `departure_time` varchar(50) DEFAULT NULL,
  `arrival_time` varchar(50) DEFAULT NULL,
  `first_class_seats` int DEFAULT NULL,
  `business_class_seats` int DEFAULT NULL,
  `economy_class_seats` int DEFAULT NULL,
  `departure_date` datetime DEFAULT NULL,
  `arrival_date` datetime DEFAULT NULL,
  PRIMARY KEY (`id`),
  KEY `departure_city_id` (`departure_city_id`),
  KEY `destination_city_id` (`destination_city_id`),
  CONSTRAINT `flights_ibfk_1` FOREIGN KEY (`departure_city_id`) REFERENCES `cities` (`id`),
  CONSTRAINT `flights_ibfk_2` FOREIGN KEY (`destination_city_id`) REFERENCES `cities` (`id`)
) ENGINE=InnoDB AUTO_INCREMENT=247 DEFAULT CHARSET=utf8mb4 COLLATE=utf8mb4_0900_ai_ci;

-- Dumping data for table blueskiesairline.flights: ~149 rows (approximately)
REPLACE INTO `flights` (`id`, `departure_city_id`, `destination_city_id`, `departure_time`, `arrival_time`, `first_class_seats`, `business_class_seats`, `economy_class_seats`, `departure_date`, `arrival_date`) VALUES
	(67, 1, 2, '08:00:00', '12:00:00', 0, 99, 150, '2023-01-01 00:00:00', '2023-01-01 00:00:00'),
	(68, 1, 3, '10:00:00', '14:00:00', 38, 79, 120, '2023-01-02 00:00:00', '2023-01-02 00:00:00'),
	(69, 1, 4, '12:00:00', '16:00:00', 58, 118, 179, '2023-01-03 00:00:00', '2023-01-03 00:00:00'),
	(70, 1, 5, '14:00:00', '18:00:00', 43, 88, 135, '2023-01-04 00:00:00', '2023-01-04 00:00:00'),
	(71, 2, 3, '16:00:00', '20:00:00', 47, 109, 165, '2023-01-05 00:00:00', '2023-01-05 00:00:00'),
	(72, 2, 4, '08:30:00', '12:30:00', 68, 140, 210, '2023-01-06 00:00:00', '2023-01-06 00:00:00'),
	(73, 2, 5, '10:30:00', '14:30:00', 32, 70, 105, '2023-01-07 00:00:00', '2023-01-07 00:00:00'),
	(74, 2, 1, '12:30:00', '16:30:00', 63, 129, 195, '2023-01-08 00:00:00', '2023-01-08 00:00:00'),
	(75, 3, 4, '14:30:00', '18:30:00', 42, 84, 126, '2023-01-09 00:00:00', '2023-01-09 00:00:00'),
	(76, 3, 5, '16:30:00', '20:30:00', 58, 116, 174, '2023-01-10 00:00:00', '2023-01-10 00:00:00'),
	(77, 3, 1, '08:45:00', '12:45:00', 44, 93, 141, '2023-01-11 00:00:00', '2023-01-11 00:00:00'),
	(78, 3, 2, '10:45:00', '14:45:00', 60, 126, 189, '2023-01-12 00:00:00', '2023-01-12 00:00:00'),
	(79, 4, 5, '12:45:00', '16:45:00', 50, 102, 156, '2023-01-13 00:00:00', '2023-01-13 00:00:00'),
	(80, 4, 1, '14:45:00', '18:45:00', 46, 96, 144, '2023-01-14 00:00:00', '2023-01-14 00:00:00'),
	(81, 4, 2, '16:45:00', '20:45:00', 67, 134, 201, '2023-01-15 00:00:00', '2023-01-15 00:00:00'),
	(82, 4, 3, '09:00:00', '13:00:00', 39, 78, 117, '2023-01-16 00:00:00', '2023-01-16 00:00:00'),
	(83, 5, 1, '11:00:00', '15:00:00', 53, 108, 162, '2023-01-17 00:00:00', '2023-01-17 00:00:00'),
	(84, 5, 2, '13:00:00', '17:00:00', 61, 141, 213, '2023-01-18 00:00:00', '2023-01-18 00:00:00'),
	(85, 5, 3, '15:00:00', '19:00:00', 42, 92, 138, '2023-01-19 00:00:00', '2023-01-19 00:00:00'),
	(86, 5, 4, '17:00:00', '21:00:00', 59, 118, 177, '2023-01-20 00:00:00', '2023-01-20 00:00:00'),
	(87, 1, 2, '09:15:00', '13:15:00', 37, 74, 111, '2023-01-21 00:00:00', '2023-01-21 00:00:00'),
	(88, 1, 3, '11:15:00', '15:15:00', 53, 106, 159, '2023-01-22 00:00:00', '2023-01-22 00:00:00'),
	(89, 1, 4, '13:15:00', '17:15:00', 64, 128, 192, '2023-01-23 00:00:00', '2023-01-23 00:00:00'),
	(90, 1, 5, '15:15:00', '19:15:00', 42, 86, 129, '2023-01-24 00:00:00', '2023-01-24 00:00:00'),
	(91, 2, 3, '17:15:00', '21:15:00', 55, 112, 168, '2023-01-25 00:00:00', '2023-01-25 00:00:00'),
	(92, 2, 4, '09:30:00', '13:30:00', 47, 98, 147, '2023-01-26 00:00:00', '2023-01-26 00:00:00'),
	(93, 2, 5, '11:30:00', '15:30:00', 42, 88, 132, '2023-01-27 00:00:00', '2023-01-27 00:00:00'),
	(94, 2, 1, '13:30:00', '17:30:00', 51, 102, 153, '2023-01-28 00:00:00', '2023-01-28 00:00:00'),
	(95, 3, 4, '15:30:00', '19:30:00', 38, 76, 114, '2023-01-29 00:00:00', '2023-01-29 00:00:00'),
	(96, 3, 5, '17:30:00', '21:30:00', 57, 114, 171, '2023-01-30 00:00:00', '2023-01-30 00:00:00'),
	(97, 1, 2, '09:00:00', '13:00:00', 60, 120, 180, '2023-01-01 00:00:00', '2023-01-01 00:00:00'),
	(98, 1, 3, '11:30:00', '15:30:00', 55, 110, 165, '2023-01-02 00:00:00', '2023-01-02 00:00:00'),
	(99, 1, 4, '13:45:00', '17:45:00', 70, 140, 210, '2023-01-03 00:00:00', '2023-01-03 00:00:00'),
	(100, 1, 5, '15:30:00', '19:30:00', 50, 100, 150, '2023-01-04 00:00:00', '2023-01-04 00:00:00'),
	(101, 2, 3, '10:15:00', '14:15:00', 45, 90, 135, '2023-01-05 00:00:00', '2023-01-05 00:00:00'),
	(102, 2, 4, '12:45:00', '16:45:00', 65, 130, 195, '2023-01-06 00:00:00', '2023-01-06 00:00:00'),
	(103, 2, 5, '14:30:00', '18:30:00', 40, 80, 120, '2023-01-07 00:00:00', '2023-01-07 00:00:00'),
	(104, 2, 1, '16:00:00', '20:00:00', 75, 150, 225, '2023-01-08 00:00:00', '2023-01-08 00:00:00'),
	(105, 3, 4, '11:45:00', '15:45:00', 48, 96, 144, '2023-01-09 00:00:00', '2023-01-09 00:00:00'),
	(106, 3, 5, '13:30:00', '17:30:00', 58, 116, 174, '2023-01-10 00:00:00', '2023-01-10 00:00:00'),
	(107, 3, 1, '15:00:00', '19:00:00', 68, 136, 204, '2023-01-11 00:00:00', '2023-01-11 00:00:00'),
	(108, 3, 2, '09:30:00', '13:30:00', 53, 106, 159, '2023-01-12 00:00:00', '2023-01-12 00:00:00'),
	(109, 4, 5, '11:15:00', '15:15:00', 47, 94, 141, '2023-01-13 00:00:00', '2023-01-13 00:00:00'),
	(110, 4, 1, '12:45:00', '16:45:00', 57, 114, 171, '2023-01-14 00:00:00', '2023-01-14 00:00:00'),
	(111, 4, 2, '14:30:00', '18:30:00', 62, 124, 186, '2023-01-15 00:00:00', '2023-01-15 00:00:00'),
	(112, 4, 3, '16:00:00', '20:00:00', 52, 104, 156, '2023-01-16 00:00:00', '2023-01-16 00:00:00'),
	(113, 5, 1, '08:45:00', '12:45:00', 65, 130, 195, '2023-01-17 00:00:00', '2023-01-17 00:00:00'),
	(114, 5, 2, '10:30:00', '14:30:00', 49, 98, 147, '2023-01-18 00:00:00', '2023-01-18 00:00:00'),
	(115, 5, 3, '12:00:00', '16:00:00', 60, 120, 180, '2023-01-19 00:00:00', '2023-01-19 00:00:00'),
	(116, 5, 4, '13:45:00', '17:45:00', 54, 108, 162, '2023-01-20 00:00:00', '2023-01-20 00:00:00'),
	(117, 1, 2, '09:00:00', '13:00:00', 55, 110, 165, '2023-01-21 00:00:00', '2023-01-21 00:00:00'),
	(118, 1, 3, '11:30:00', '15:30:00', 60, 120, 180, '2023-01-22 00:00:00', '2023-01-22 00:00:00'),
	(119, 1, 4, '13:45:00', '17:45:00', 70, 140, 210, '2023-01-23 00:00:00', '2023-01-23 00:00:00'),
	(120, 1, 5, '15:30:00', '19:30:00', 50, 100, 150, '2023-01-24 00:00:00', '2023-01-24 00:00:00'),
	(121, 2, 3, '10:15:00', '14:15:00', 45, 90, 135, '2023-01-25 00:00:00', '2023-01-25 00:00:00'),
	(122, 2, 4, '12:45:00', '16:45:00', 64, 130, 195, '2023-01-26 00:00:00', '2023-01-26 00:00:00'),
	(123, 2, 5, '14:30:00', '18:30:00', 40, 80, 120, '2023-01-27 00:00:00', '2023-01-27 00:00:00'),
	(124, 2, 1, '16:00:00', '20:00:00', 75, 150, 225, '2023-01-28 00:00:00', '2023-01-28 00:00:00'),
	(125, 3, 4, '11:45:00', '15:45:00', 48, 96, 144, '2023-01-29 00:00:00', '2023-01-29 00:00:00'),
	(126, 3, 5, '13:30:00', '17:30:00', 58, 116, 174, '2023-01-30 00:00:00', '2023-01-30 00:00:00'),
	(127, 1, 2, '08:30:00', '12:30:00', 50, 100, 150, '2023-01-01 00:00:00', '2023-01-01 00:00:00'),
	(128, 1, 3, '11:00:00', '15:00:00', 45, 90, 135, '2023-01-02 00:00:00', '2023-01-02 00:00:00'),
	(129, 1, 4, '13:15:00', '17:15:00', 60, 120, 180, '2023-01-03 00:00:00', '2023-01-03 00:00:00'),
	(130, 1, 5, '15:00:00', '19:00:00', 55, 110, 165, '2023-01-04 00:00:00', '2023-01-04 00:00:00'),
	(131, 2, 3, '10:45:00', '14:45:00', 40, 80, 120, '2023-01-05 00:00:00', '2023-01-05 00:00:00'),
	(132, 2, 4, '12:30:00', '16:30:00', 65, 130, 195, '2023-01-06 00:00:00', '2023-01-06 00:00:00'),
	(133, 2, 5, '14:15:00', '18:15:00', 35, 70, 105, '2023-01-07 00:00:00', '2023-01-07 00:00:00'),
	(134, 2, 1, '16:00:00', '20:00:00', 70, 140, 210, '2023-01-08 00:00:00', '2023-01-08 00:00:00'),
	(135, 3, 4, '11:30:00', '15:30:00', 48, 96, 144, '2023-01-09 00:00:00', '2023-01-09 00:00:00'),
	(136, 3, 5, '13:15:00', '17:15:00', 58, 116, 174, '2023-01-10 00:00:00', '2023-01-10 00:00:00'),
	(137, 3, 1, '15:00:00', '19:00:00', 68, 136, 204, '2023-01-11 00:00:00', '2023-01-11 00:00:00'),
	(169, 4, 5, '12:15:00', '16:30:00', 47, 94, 141, '2023-01-13 00:00:00', '2023-01-13 00:00:00'),
	(170, 4, 1, '16:45:00', '21:00:00', 57, 114, 171, '2023-01-14 00:00:00', '2023-01-14 00:00:00'),
	(171, 4, 2, '19:30:00', '23:45:00', 62, 124, 186, '2023-01-15 00:00:00', '2023-01-15 00:00:00'),
	(172, 4, 3, '22:00:00', '02:30:00', 52, 104, 156, '2023-01-16 00:00:00', '2023-01-16 00:00:00'),
	(173, 5, 1, '07:45:00', '12:00:00', 65, 130, 195, '2023-01-17 00:00:00', '2023-01-17 00:00:00'),
	(174, 5, 2, '11:30:00', '15:45:00', 49, 98, 147, '2023-01-18 00:00:00', '2023-01-18 00:00:00'),
	(175, 5, 3, '14:00:00', '18:30:00', 60, 120, 180, '2023-01-19 00:00:00', '2023-01-19 00:00:00'),
	(176, 5, 4, '16:15:00', '20:45:00', 54, 108, 162, '2023-01-20 00:00:00', '2023-01-20 00:00:00'),
	(177, 1, 2, '08:00:00', '12:15:00', 55, 110, 165, '2023-01-21 00:00:00', '2023-01-21 00:00:00'),
	(178, 1, 3, '12:30:00', '16:45:00', 60, 120, 180, '2023-01-22 00:00:00', '2023-01-22 00:00:00'),
	(179, 1, 4, '16:45:00', '21:00:00', 70, 140, 210, '2023-01-23 00:00:00', '2023-01-23 00:00:00'),
	(180, 1, 5, '19:00:00', '23:15:00', 55, 110, 165, '2023-01-24 00:00:00', '2023-01-24 00:00:00'),
	(181, 2, 3, '09:45:00', '14:00:00', 45, 90, 135, '2023-01-25 00:00:00', '2023-01-25 00:00:00'),
	(182, 2, 4, '14:15:00', '18:30:00', 65, 130, 195, '2023-01-26 00:00:00', '2023-01-26 00:00:00'),
	(183, 2, 5, '17:30:00', '21:45:00', 40, 80, 120, '2023-01-27 00:00:00', '2023-01-27 00:00:00'),
	(184, 2, 1, '20:30:00', '01:00:00', 75, 150, 225, '2023-01-28 00:00:00', '2023-01-28 00:00:00'),
	(185, 3, 4, '09:15:00', '13:30:00', 48, 96, 144, '2023-01-29 00:00:00', '2023-01-29 00:00:00'),
	(186, 3, 5, '15:45:00', '20:15:00', 58, 116, 174, '2023-01-30 00:00:00', '2023-01-30 00:00:00'),
	(187, 5, 1, '06:30:00', '10:45:00', 60, 120, 180, '2023-01-01 00:00:00', '2023-01-01 00:00:00'),
	(188, 1, 3, '13:00:00', '17:30:00', 55, 110, 165, '2023-01-02 00:00:00', '2023-01-02 00:00:00'),
	(189, 3, 4, '17:15:00', '21:45:00', 69, 140, 210, '2023-01-03 00:00:00', '2023-01-03 00:00:00'),
	(190, 4, 2, '19:30:00', '23:45:00', 50, 100, 150, '2023-01-04 00:00:00', '2023-01-04 00:00:00'),
	(191, 2, 5, '08:15:00', '12:30:00', 45, 90, 135, '2023-01-05 00:00:00', '2023-01-05 00:00:00'),
	(192, 5, 1, '15:45:00', '20:15:00', 65, 130, 195, '2023-01-06 00:00:00', '2023-01-06 00:00:00'),
	(193, 1, 3, '18:00:00', '22:30:00', 40, 80, 120, '2023-01-07 00:00:00', '2023-01-07 00:00:00'),
	(194, 3, 4, '21:00:00', '01:30:00', 75, 150, 225, '2023-01-08 00:00:00', '2023-01-08 00:00:00'),
	(195, 4, 2, '08:45:00', '13:00:00', 48, 96, 144, '2023-01-09 00:00:00', '2023-01-09 00:00:00'),
	(196, 2, 5, '14:15:00', '18:45:00', 58, 116, 174, '2023-01-10 00:00:00', '2023-01-10 00:00:00'),
	(197, 5, 1, '17:30:00', '22:00:00', 68, 136, 204, '2023-01-11 00:00:00', '2023-01-11 00:00:00'),
	(198, 1, 3, '10:00:00', '14:15:00', 53, 106, 159, '2023-01-12 00:00:00', '2023-01-12 00:00:00'),
	(199, 3, 4, '12:15:00', '16:30:00', 47, 94, 141, '2023-01-13 00:00:00', '2023-01-13 00:00:00'),
	(200, 4, 2, '16:45:00', '21:00:00', 57, 114, 171, '2023-01-14 00:00:00', '2023-01-14 00:00:00'),
	(201, 2, 5, '19:30:00', '23:45:00', 62, 124, 186, '2023-01-15 00:00:00', '2023-01-15 00:00:00'),
	(202, 5, 1, '07:45:00', '12:00:00', 65, 130, 195, '2023-01-16 00:00:00', '2023-01-16 00:00:00'),
	(203, 1, 3, '11:30:00', '15:45:00', 49, 98, 147, '2023-01-17 00:00:00', '2023-01-17 00:00:00'),
	(204, 3, 4, '14:00:00', '18:30:00', 60, 120, 180, '2023-01-18 00:00:00', '2023-01-18 00:00:00'),
	(205, 4, 2, '16:15:00', '20:45:00', 54, 108, 162, '2023-01-19 00:00:00', '2023-01-19 00:00:00'),
	(206, 2, 5, '08:00:00', '12:15:00', 55, 110, 165, '2023-01-20 00:00:00', '2023-01-20 00:00:00'),
	(207, 5, 2, '08:30:00', '12:45:00', 60, 120, 180, '2023-01-01 00:00:00', '2023-01-01 00:00:00'),
	(208, 1, 4, '14:00:00', '18:30:00', 55, 110, 165, '2023-01-02 00:00:00', '2023-01-02 00:00:00'),
	(209, 3, 2, '18:45:00', '23:15:00', 70, 140, 210, '2023-01-03 00:00:00', '2023-01-03 00:00:00'),
	(210, 4, 1, '20:15:00', '00:45:00', 50, 100, 150, '2023-01-04 00:00:00', '2023-01-04 00:00:00'),
	(211, 2, 5, '09:15:00', '13:30:00', 45, 90, 135, '2023-01-05 00:00:00', '2023-01-05 00:00:00'),
	(212, 5, 3, '15:45:00', '20:15:00', 65, 130, 195, '2023-01-06 00:00:00', '2023-01-06 00:00:00'),
	(213, 1, 2, '19:30:00', '23:00:00', 40, 80, 120, '2023-01-07 00:00:00', '2023-01-07 00:00:00'),
	(214, 3, 4, '21:45:00', '02:15:00', 75, 150, 225, '2023-01-08 00:00:00', '2023-01-08 00:00:00'),
	(215, 4, 5, '09:30:00', '14:45:00', 48, 96, 144, '2023-01-09 00:00:00', '2023-01-09 00:00:00'),
	(216, 2, 1, '15:45:00', '20:15:00', 58, 116, 174, '2023-01-10 00:00:00', '2023-01-10 00:00:00'),
	(217, 5, 3, '17:30:00', '22:00:00', 68, 136, 204, '2023-01-11 00:00:00', '2023-01-11 00:00:00'),
	(218, 1, 4, '10:00:00', '14:15:00', 52, 106, 159, '2023-01-12 00:00:00', '2023-01-12 00:00:00'),
	(219, 3, 2, '12:15:00', '16:30:00', 47, 94, 141, '2023-01-13 00:00:00', '2023-01-13 00:00:00'),
	(220, 4, 1, '16:45:00', '21:00:00', 57, 114, 171, '2023-01-14 00:00:00', '2023-01-14 00:00:00'),
	(221, 2, 5, '19:30:00', '23:45:00', 62, 124, 186, '2023-01-15 00:00:00', '2023-01-15 00:00:00'),
	(222, 5, 4, '07:45:00', '12:00:00', 65, 130, 195, '2023-01-16 00:00:00', '2023-01-16 00:00:00'),
	(223, 1, 3, '11:30:00', '15:45:00', 49, 98, 147, '2023-01-17 00:00:00', '2023-01-17 00:00:00'),
	(224, 3, 2, '14:00:00', '18:30:00', 60, 120, 180, '2023-01-18 00:00:00', '2023-01-18 00:00:00'),
	(225, 4, 1, '16:15:00', '20:45:00', 54, 108, 162, '2023-01-19 00:00:00', '2023-01-19 00:00:00'),
	(226, 2, 5, '08:00:00', '12:15:00', 55, 110, 165, '2023-01-20 00:00:00', '2023-01-20 00:00:00'),
	(227, 1, 3, '07:30:00', '12:00:00', 60, 120, 180, '2023-01-01 00:00:00', '2023-01-01 00:00:00'),
	(228, 2, 4, '13:00:00', '17:30:00', 55, 110, 165, '2023-01-02 00:00:00', '2023-01-02 00:00:00'),
	(229, 3, 5, '17:45:00', '22:15:00', 70, 140, 210, '2023-01-03 00:00:00', '2023-01-03 00:00:00'),
	(230, 4, 1, '20:00:00', '00:30:00', 50, 100, 150, '2023-01-04 00:00:00', '2023-01-04 00:00:00'),
	(231, 5, 2, '09:00:00', '13:15:00', 45, 89, 135, '2023-01-05 00:00:00', '2023-01-05 00:00:00'),
	(232, 1, 4, '14:45:00', '19:15:00', 65, 130, 195, '2023-01-06 00:00:00', '2023-01-06 00:00:00'),
	(233, 2, 5, '18:30:00', '23:00:00', 40, 80, 120, '2023-01-07 00:00:00', '2023-01-07 00:00:00'),
	(234, 3, 1, '21:45:00', '02:15:00', 75, 150, 225, '2023-01-08 00:00:00', '2023-01-08 00:00:00'),
	(235, 4, 2, '09:30:00', '14:45:00', 48, 96, 144, '2023-01-09 00:00:00', '2023-01-09 00:00:00'),
	(236, 5, 3, '15:15:00', '20:30:00', 58, 116, 174, '2023-01-10 00:00:00', '2023-01-10 00:00:00'),
	(237, 1, 5, '17:30:00', '22:00:00', 68, 136, 204, '2023-01-11 00:00:00', '2023-01-11 00:00:00'),
	(238, 2, 1, '10:15:00', '14:30:00', 53, 106, 159, '2023-01-12 00:00:00', '2023-01-12 00:00:00'),
	(239, 3, 4, '13:45:00', '18:15:00', 47, 94, 141, '2023-01-13 00:00:00', '2023-01-13 00:00:00'),
	(240, 4, 5, '17:00:00', '21:15:00', 57, 114, 171, '2023-01-14 00:00:00', '2023-01-14 00:00:00'),
	(241, 5, 1, '20:15:00', '00:45:00', 62, 124, 186, '2023-01-15 00:00:00', '2023-01-15 00:00:00'),
	(242, 1, 2, '08:45:00', '13:00:00', 65, 130, 195, '2023-01-16 00:00:00', '2023-01-16 00:00:00'),
	(243, 2, 3, '11:30:00', '15:45:00', 49, 98, 147, '2023-01-17 00:00:00', '2023-01-17 00:00:00'),
	(244, 3, 4, '14:45:00', '19:00:00', 60, 120, 180, '2023-01-18 00:00:00', '2023-01-18 00:00:00'),
	(245, 4, 5, '17:00:00', '21:15:00', 54, 108, 162, '2023-01-19 00:00:00', '2023-01-19 00:00:00'),
	(246, 5, 1, '08:00:00', '12:15:00', 55, 110, 165, '2023-01-20 00:00:00', '2023-01-20 00:00:00');

-- Dumping structure for table blueskiesairline.frequentflyers
DROP TABLE IF EXISTS `frequentflyers`;
CREATE TABLE IF NOT EXISTS `frequentflyers` (
  `id` int NOT NULL AUTO_INCREMENT,
  `customer_id` int DEFAULT NULL,
  `membership_number` varchar(255) DEFAULT NULL,
  `miles_balance` int DEFAULT NULL,
  PRIMARY KEY (`id`),
  KEY `customer_id` (`customer_id`),
  CONSTRAINT `frequentflyers_ibfk_1` FOREIGN KEY (`customer_id`) REFERENCES `customers` (`id`)
) ENGINE=InnoDB AUTO_INCREMENT=18 DEFAULT CHARSET=utf8mb4 COLLATE=utf8mb4_0900_ai_ci;

-- Dumping data for table blueskiesairline.frequentflyers: ~1 rows (approximately)

-- Dumping structure for table blueskiesairline.reservations
DROP TABLE IF EXISTS `reservations`;
CREATE TABLE IF NOT EXISTS `reservations` (
  `id` int NOT NULL AUTO_INCREMENT,
  `customer_id` int DEFAULT NULL,
  `flight_id` int DEFAULT NULL,
  `seat_grade` enum('First Class','Business Class','Economy Class') NOT NULL,
  `reservation_time` varchar(50) DEFAULT NULL,
  `payment_status` varchar(50) CHARACTER SET utf8mb4 COLLATE utf8mb4_0900_ai_ci DEFAULT NULL,
  `ticket_serial_number` varchar(255) DEFAULT NULL,
  PRIMARY KEY (`id`),
  KEY `customer_id` (`customer_id`),
  KEY `flight_id` (`flight_id`),
  CONSTRAINT `reservations_ibfk_1` FOREIGN KEY (`customer_id`) REFERENCES `customers` (`id`),
  CONSTRAINT `reservations_ibfk_2` FOREIGN KEY (`flight_id`) REFERENCES `flights` (`id`)
) ENGINE=InnoDB AUTO_INCREMENT=376 DEFAULT CHARSET=utf8mb4 COLLATE=utf8mb4_0900_ai_ci;

-- Dumping data for table blueskiesairline.reservations: ~2 rows (approximately)
REPLACE INTO `reservations` (`id`, `customer_id`, `flight_id`, `seat_grade`, `reservation_time`, `payment_status`, `ticket_serial_number`) VALUES
	(373, 258, 85, 'First Class', '10:30:17.120', 'Paid', 'JE5N6PD134'),
	(374, 258, 80, 'First Class', '11:37:51.896', 'Paid', 'G44NCXZ0G1'),
	(375, 260, 189, 'First Class', '10:20:08.815', 'Paid', 'XTJIGNHDFO');

/*!40103 SET TIME_ZONE=IFNULL(@OLD_TIME_ZONE, 'system') */;
/*!40101 SET SQL_MODE=IFNULL(@OLD_SQL_MODE, '') */;
/*!40014 SET FOREIGN_KEY_CHECKS=IFNULL(@OLD_FOREIGN_KEY_CHECKS, 1) */;
/*!40101 SET CHARACTER_SET_CLIENT=@OLD_CHARACTER_SET_CLIENT */;
/*!40111 SET SQL_NOTES=IFNULL(@OLD_SQL_NOTES, 1) */;
